Sat Apr 21 17:11:16 +0000 2018,3084677546,987740564090056704,"RT @ProducToken: Don't miss the opportunity to TAKE PART of the next REVOLUTION 4.0

Register to our website and you will be notified when…"
Sat Apr 21 17:11:16 +0000 2018,1676516599,987740563721146368,"Play Music on https://t.co/ABZHX5oG60 – a Bitcoin Cash Infused Global Playlist 
https://t.co/XzQPSqw4xp https://t.co/XVTQDV4C3X"
Sat Apr 21 17:11:16 +0000 2018,923626917760188417,987740566296387584,"RT @BryceWeiner: The people behind Bitcoin Cash were the ones who created the Bitcoin network effect in the first place. 

Just sayin. 
htt…"
Sat Apr 21 17:11:17 +0000 2018,970231641695244288,987740566598414336,#arbitrage opportunity on: https://t.co/gjrgF3KHuE - Buy 2.44866776 #bitcoin diamond (#bcd) for 0.00036000 #bitcoin… https://t.co/vm0ilHN6Ct
Sat Apr 21 17:11:17 +0000 2018,901380067074465793,987740567986753536,"@FinansTezlerim Hocam sizin bu grafiğe göre 2019 başında yeni zirve yapması lazım ancak , btc her yılbaşı ve vergi… https://t.co/dJidS3i05F"
Sat Apr 21 17:11:18 +0000 2018,954385688295649280,987740571102986240,#GUARIUM #TokenSale #ICO #bitcoin #ethereum #crypto #cryptocurrency #ecommerce https://t.co/o3n4d2gjMf
Sat Apr 21 17:11:18 +0000 2018,852907120106274816,987740573045018625,RT @Rayghoul1: I ordered a few cups so I do not miss anything&lt;3 @wax_io The last months in the chat were always fun and wonderful. I thank…
Sat Apr 21 17:11:19 +0000 2018,909790640271060994,987740574810755072,RT @AmbitIco: #Ambit #Mining has been reviewed by Bitcoin Market Journal. Take a look at a review here https://t.co/SmD1mpbNrD Find out mor…
